Step, Temp, ux, uy, uz
0000020000, 360.0,  0.13896E-03, -0.48835E-03, -0.15204E+00
0000025000, 360.0,  -0.56350E-03,  0.69796E-03, -0.15178E+00

